{"properties": [
  {
    "name": "com.ftservice.api_id",
    "type": "java.lang.String",
    "description": "A description for 'com.ftservice.api_id'"
  },
  {
    "name": "com.ftservice.merchant_id",
    "type": "java.lang.String",
    "description": "A description for 'com.ftservice.merchant_id'"
  },
  {
    "name": "com.ftservice.api_key",
    "type": "java.lang.String",
    "description": "A description for 'com.ftservice.api_key'"
  },
  {
    "name": "com.ftservice.api_channel",
    "type": "java.lang.String",
    "description": "A description for 'com.ftservice.api_channel'"
  },
  {
    "name": "com.ftservice.service_id",
    "type": "java.lang.String",
    "description": "A description for 'com.ftservice.service_id'"
  },
  {
    "name": "com.ftservice.billpayment_url",
    "type": "java.lang.String",
    "description": "A description for 'com.ftservice.billpayment_url'"
  },
  {
    "name": "zm.co.zanaco.zoona.service.transferURL",
    "type": "java.lang.String",
    "description": "A description for 'zm.co.zanaco.zoona.service.transferURL'"
  },
  {
    "name": "zm.co.zanaco.zoona.service.statusURL",
    "type": "java.lang.String",
    "description": "A description for 'zm.co.zanaco.zoona.service.statusURL'"
  },
  {
    "name": "zm.co.zanaco.zoona.service.transferURL",
    "type": "java.lang.String",
    "description": "A description for 'zm.co.zanaco.zoona.service.transferURL'"
  },
  {
    "name": "zm.co.zanaco.zoona.service.statusURL",
    "type": "java.lang.String",
    "description": "A description for 'zm.co.zanaco.zoona.service.statusURL'"
  },
  {
    "name": "zm.co.zanaco.zoona.service.statusURL",
    "type": "java.lang.String",
    "description": "A description for 'zm.co.zanaco.zoona.service.statusURL'"
  },
  {
    "name": "zm.co.zanaco.zoona.service.statusURL",
    "type": "java.lang.String",
    "description": "A description for 'zm.co.zanaco.zoona.service.statusURL'"
  },
  {
    "name": "zm.co.zanaco.zoona.service.statusURL",
    "type": "java.lang.String",
    "description": "A description for 'zm.co.zanaco.zoona.service.statusURL'"
  },
  {
    "name": "zm.co.zanaco.zoona.service.grant_type",
    "type": "java.lang.String",
    "description": "A description for 'zm.co.zanaco.zoona.service.grant_type'"
  },
  {
    "name": "zm.co.zanaco.zoona.service.client_id",
    "type": "java.lang.String",
    "description": "A description for 'zm.co.zanaco.zoona.service.client_id'"
  },
  {
    "name": "zm.co.zanaco.zoona.service.audience",
    "type": "java.lang.String",
    "description": "A description for 'zm.co.zanaco.zoona.service.audience'"
  },
  {
    "name": "zm.co.zanaco.zoona.service.username",
    "type": "java.lang.String",
    "description": "A description for 'zm.co.zanaco.zoona.service.username'"
  },
  {
    "name": "zm.co.zanaco.zoona.service.password",
    "type": "java.lang.String",
    "description": "A description for 'zm.co.zanaco.zoona.service.password'"
  },
  {
    "name": "zm.co.zanaco.zoona.service.tOKEN_URL",
    "type": "java.lang.String",
    "description": "A description for 'zm.co.zanaco.zoona.service.tOKEN_URL'"
  },
  {
    "name": "zm.co.zanaco.zoona.service.dtr_institution",
    "type": "java.lang.String",
    "description": "A description for 'zm.co.zanaco.zoona.service.dtr_institution'"
  },
  {
    "name": "zm.co.zanaco.zoona.service.dtr_account",
    "type": "java.lang.String",
    "description": "A description for 'zm.co.zanaco.zoona.service.dtr_account'"
  },
  {
    "name": "zm.co.zanaco.zoona.service.ctr_institution",
    "type": "java.lang.String",
    "description": "A description for 'zm.co.zanaco.zoona.service.ctr_institution'"
  },
  {
    "name": "zm.co.zanaco.zoona.service.ctr_account",
    "type": "java.lang.String",
    "description": "A description for 'zm.co.zanaco.zoona.service.ctr_account'"
  },
  {
    "name": "zm.co.zanaco.zoona.service.eft_products",
    "type": "java.lang.String",
    "description": "A description for 'zm.co.zanaco.zoona.service.eft_products'"
  },
  {
    "name": "zm.co.zanaco.zoona.service.pos_products",
    "type": "java.lang.String",
    "description": "A description for 'zm.co.zanaco.zoona.service.pos_products'"
  },
  {
    "name": "zm.co.zanaco.zoona.service.atm_products",
    "type": "java.lang.String",
    "description": "A description for 'zm.co.zanaco.zoona.service.atm_products'"
  },
  {
    "name": "zm.co.zanaco.zoona.service.transfer_scheme",
    "type": "java.lang.String",
    "description": "A description for 'zm.co.zanaco.zoona.service.transfer_scheme'"
  },
  {
    "name": "zm.co.zanaco.zoona.service.branch_deposit",
    "type": "java.lang.String",
    "description": "A description for 'zm.co.zanaco.zoona.service.branch_deposit'"
  }
]}